{
  "__inputs": [],
  "__requires": [
    {
      "type": "panel",
      "id": "briangann-datatable-panel",
      "name": "Datatable Panel",
      "version": "0.0.6"
    },
    {
      "type": "grafana",
      "id": "grafana",
      "name": "Grafana",
      "version": "5.4.2"
    },
    {
      "type": "panel",
      "id": "grafana-piechart-panel",
      "name": "Pie Chart",
      "version": "1.3.4"
    },
    {
      "type": "datasource",
      "id": "grafana-sensucore-datasource",
      "name": "Sensu Core",
      "version": "1.0.3"
    },
    {
      "type": "panel",
      "id": "singlestat",
      "name": "Singlestat",
      "version": "5.0.0"
    }
  ],
  "annotations": {
    "list": [
      {
        "builtIn": 1,
        "datasource": "-- Grafana --",
        "enable": true,
        "hide": true,
        "iconColor": "rgba(0, 211, 255, 1)",
        "name": "Annotations & Alerts",
        "type": "dashboard"
      }
    ]
  },
  "editable": true,
  "gnetId": null,
  "graphTooltip": 0,
  "id": null,
  "iteration": 1547065164273,
  "links": [],
  "panels": [
    {
      "collapsed": false,
      "gridPos": {
        "h": 1,
        "w": 24,
        "x": 0,
        "y": 0
      },
      "id": 127,
      "panels": [],
      "repeat": null,
      "title": "Event Summary",
      "type": "row"
    },
    {
      "aliasColors": {
        "Criticals": "#890F02",
        "Unknown": "#511749"
      },
      "breakPoint": "50%",
      "cacheTimeout": null,
      "combine": {
        "label": "Others",
        "threshold": 0
      },
      "datasource": "$datasource",
      "fontSize": "80%",
      "format": "none",
      "gridPos": {
        "h": 7,
        "w": 6,
        "x": 0,
        "y": 1
      },
      "id": 112,
      "interval": null,
      "legend": {
        "percentage": false,
        "show": true,
        "values": true
      },
      "legendType": "Right side",
      "links": [],
      "maxDataPoints": 3,
      "nullPointMode": "connected",
      "pieType": "pie",
      "strokeWidth": 1,
      "targets": [
        {
          "aggregateMode": "list",
          "alias": "Criticals",
          "aliasReplaced": "Criticals",
          "clientQueryMode": "list",
          "dimensions": [],
          "eventMetricMode": "critical_active_count",
          "filters": [],
          "refId": "A",
          "sourceType": "event_metrics"
        },
        {
          "aggregateMode": "list",
          "alias": "Warnings",
          "aliasReplaced": "Warnings",
          "clientQueryMode": "list",
          "dimensions": [],
          "eventMetricMode": "warning_active_count",
          "filters": [],
          "refId": "B",
          "sourceType": "event_metrics"
        }
      ],
      "title": "Active Events",
      "type": "grafana-piechart-panel",
      "valueName": "current"
    },
    {
      "cacheTimeout": null,
      "colorBackground": false,
      "colorValue": false,
      "colors": [
        "rgba(50, 172, 45, 0.97)",
        "rgba(237, 129, 40, 0.89)",
        "rgba(245, 54, 54, 0.9)"
      ],
      "datasource": "$datasource",
      "decimals": 0,
      "format": "none",
      "gauge": {
        "maxValue": 100,
        "minValue": 0,
        "show": false,
        "thresholdLabels": false,
        "thresholdMarkers": true
      },
      "gridPos": {
        "h": 7,
        "w": 4,
        "x": 6,
        "y": 1
      },
      "id": 113,
      "interval": null,
      "links": [],
      "mappingType": 1,
      "mappingTypes": [
        {
          "name": "value to text",
          "value": 1
        },
        {
          "name": "range to text",
          "value": 2
        }
      ],
      "maxDataPoints": 100,
      "nullPointMode": "connected",
      "nullText": null,
      "postfix": "<br>All Events",
      "postfixFontSize": "50%",
      "prefix": "",
      "prefixFontSize": "50%",
      "rangeMaps": [
        {
          "from": "null",
          "text": "N/A",
          "to": "null"
        }
      ],
      "sparkline": {
        "fillColor": "rgba(31, 118, 189, 0.18)",
        "full": false,
        "lineColor": "rgb(31, 120, 193)",
        "show": false
      },
      "tableColumn": "",
      "targets": [
        {
          "aggregateMode": "list",
          "alias": "All Events",
          "aliasReplaced": "All Events",
          "clientQueryMode": "list",
          "dimensions": [],
          "eventMetricMode": "all_events_count",
          "refId": "A",
          "sourceType": "event_metrics"
        }
      ],
      "thresholds": "",
      "title": "",
      "type": "singlestat",
      "valueFontSize": "80%",
      "valueMaps": [
        {
          "op": "=",
          "text": "N/A",
          "value": "null"
        }
      ],
      "valueName": "current"
    },
    {
      "aliasColors": {
        "Criticals": "#890F02",
        "Unknown": "#511749"
      },
      "breakPoint": "50%",
      "cacheTimeout": null,
      "combine": {
        "label": "Others",
        "threshold": 0
      },
      "datasource": "$datasource",
      "fontSize": "80%",
      "format": "none",
      "gridPos": {
        "h": 7,
        "w": 6,
        "x": 10,
        "y": 1
      },
      "id": 114,
      "interval": null,
      "legend": {
        "percentage": false,
        "show": true,
        "values": true
      },
      "legendType": "Right side",
      "links": [],
      "maxDataPoints": 3,
      "nullPointMode": "connected",
      "pieType": "pie",
      "strokeWidth": 1,
      "targets": [
        {
          "aggregateMode": "list",
          "alias": "Criticals",
          "aliasReplaced": "Criticals",
          "clientQueryMode": "list",
          "dimensions": [],
          "eventMetricMode": "critical_count",
          "filters": [],
          "refId": "A",
          "sourceType": "event_metrics"
        },
        {
          "aggregateMode": "list",
          "alias": "Warnings",
          "aliasReplaced": "Warnings",
          "clientQueryMode": "list",
          "dimensions": [],
          "eventMetricMode": "warning_count",
          "filters": [],
          "refId": "B",
          "sourceType": "event_metrics"
        }
      ],
      "title": "All Events (including silenced)",
      "type": "grafana-piechart-panel",
      "valueName": "current"
    },
    {
      "cacheTimeout": null,
      "colorBackground": false,
      "colorValue": false,
      "colors": [
        "rgba(50, 172, 45, 0.97)",
        "rgba(237, 129, 40, 0.89)",
        "rgba(245, 54, 54, 0.9)"
      ],
      "datasource": "$datasource",
      "decimals": 0,
      "format": "none",
      "gauge": {
        "maxValue": 100,
        "minValue": 0,
        "show": false,
        "thresholdLabels": false,
        "thresholdMarkers": true
      },
      "gridPos": {
        "h": 7,
        "w": 4,
        "x": 16,
        "y": 1
      },
      "id": 115,
      "interval": null,
      "links": [],
      "mappingType": 1,
      "mappingTypes": [
        {
          "name": "value to text",
          "value": 1
        },
        {
          "name": "range to text",
          "value": 2
        }
      ],
      "maxDataPoints": 100,
      "nullPointMode": "connected",
      "nullText": null,
      "postfix": "<br>Clients Silenced",
      "postfixFontSize": "50%",
      "prefix": "",
      "prefixFontSize": "50%",
      "rangeMaps": [
        {
          "from": "null",
          "text": "N/A",
          "to": "null"
        }
      ],
      "sparkline": {
        "fillColor": "rgba(31, 118, 189, 0.18)",
        "full": false,
        "lineColor": "rgb(31, 120, 193)",
        "show": false
      },
      "tableColumn": "",
      "targets": [
        {
          "aggregateMode": "list",
          "alias": "Clients Silenced",
          "aliasReplaced": "Clients Silenced",
          "clientQueryMode": "list",
          "dimensions": [],
          "eventMetricMode": "clients_silenced_count",
          "filters": [],
          "refId": "A",
          "sourceType": "event_metrics"
        }
      ],
      "thresholds": "1,1000",
      "title": "",
      "type": "singlestat",
      "valueFontSize": "80%",
      "valueMaps": [
        {
          "op": "=",
          "text": "N/A",
          "value": "null"
        }
      ],
      "valueName": "current"
    },
    {
      "cacheTimeout": null,
      "colorBackground": false,
      "colorValue": false,
      "colors": [
        "rgba(50, 172, 45, 0.97)",
        "rgba(237, 129, 40, 0.89)",
        "rgba(245, 54, 54, 0.9)"
      ],
      "datasource": "$datasource",
      "decimals": 0,
      "format": "none",
      "gauge": {
        "maxValue": 100,
        "minValue": 0,
        "show": false,
        "thresholdLabels": false,
        "thresholdMarkers": true
      },
      "gridPos": {
        "h": 7,
        "w": 4,
        "x": 20,
        "y": 1
      },
      "id": 116,
      "interval": null,
      "links": [],
      "mappingType": 1,
      "mappingTypes": [
        {
          "name": "value to text",
          "value": 1
        },
        {
          "name": "range to text",
          "value": 2
        }
      ],
      "maxDataPoints": 100,
      "nullPointMode": "connected",
      "nullText": null,
      "postfix": "<br>Checks Silenced",
      "postfixFontSize": "50%",
      "prefix": "",
      "prefixFontSize": "50%",
      "rangeMaps": [
        {
          "from": "null",
          "text": "N/A",
          "to": "null"
        }
      ],
      "sparkline": {
        "fillColor": "rgba(31, 118, 189, 0.18)",
        "full": false,
        "lineColor": "rgb(31, 120, 193)",
        "show": false
      },
      "tableColumn": "",
      "targets": [
        {
          "aggregateMode": "list",
          "alias": "Checks Silenced",
          "aliasReplaced": "Checks Silenced",
          "clientQueryMode": "list",
          "dimensions": [],
          "eventMetricMode": "checks_silenced_count",
          "filters": [],
          "refId": "A",
          "sourceType": "event_metrics"
        }
      ],
      "thresholds": "1,1000",
      "title": "",
      "type": "singlestat",
      "valueFontSize": "80%",
      "valueMaps": [
        {
          "op": "=",
          "text": "N/A",
          "value": "null"
        }
      ],
      "valueName": "current"
    },
    {
      "cacheTimeout": null,
      "colorBackground": true,
      "colorValue": false,
      "colors": [
        "rgba(50, 172, 45, 0.97)",
        "rgba(237, 129, 40, 0.89)",
        "rgba(245, 54, 54, 0.9)"
      ],
      "datasource": "$datasource",
      "decimals": 0,
      "format": "none",
      "gauge": {
        "maxValue": 100,
        "minValue": 0,
        "show": false,
        "thresholdLabels": false,
        "thresholdMarkers": true
      },
      "gridPos": {
        "h": 3,
        "w": 4,
        "x": 0,
        "y": 8
      },
      "id": 117,
      "interval": null,
      "links": [],
      "mappingType": 1,
      "mappingTypes": [
        {
          "name": "value to text",
          "value": 1
        },
        {
          "name": "range to text",
          "value": 2
        }
      ],
      "maxDataPoints": 100,
      "nullPointMode": "connected",
      "nullText": null,
      "postfix": "<br>Criticals Active",
      "postfixFontSize": "50%",
      "prefix": "",
      "prefixFontSize": "50%",
      "rangeMaps": [
        {
          "from": "null",
          "text": "N/A",
          "to": "null"
        }
      ],
      "sparkline": {
        "fillColor": "rgba(31, 118, 189, 0.18)",
        "full": false,
        "lineColor": "rgb(31, 120, 193)",
        "show": false
      },
      "tableColumn": "",
      "targets": [
        {
          "aggregateMode": "list",
          "alias": "Critical Active Count",
          "aliasReplaced": "Critical Active Count",
          "clientQueryMode": "list",
          "dimensions": [],
          "eventMetricMode": "critical_active_count",
          "filters": [],
          "refId": "A",
          "sourceType": "event_metrics"
        }
      ],
      "thresholds": "0,1",
      "title": "",
      "type": "singlestat",
      "valueFontSize": "80%",
      "valueMaps": [
        {
          "op": "=",
          "text": "N/A",
          "value": "null"
        }
      ],
      "valueName": "current"
    },
    {
      "cacheTimeout": null,
      "colorBackground": false,
      "colorValue": true,
      "colors": [
        "rgba(50, 172, 45, 0.97)",
        "rgba(237, 129, 40, 0.89)",
        "rgba(54, 129, 245, 0.9)"
      ],
      "datasource": "$datasource",
      "decimals": 0,
      "format": "none",
      "gauge": {
        "maxValue": 100,
        "minValue": 0,
        "show": false,
        "thresholdLabels": false,
        "thresholdMarkers": true
      },
      "gridPos": {
        "h": 3,
        "w": 4,
        "x": 4,
        "y": 8
      },
      "id": 118,
      "interval": null,
      "links": [],
      "mappingType": 1,
      "mappingTypes": [
        {
          "name": "value to text",
          "value": 1
        },
        {
          "name": "range to text",
          "value": 2
        }
      ],
      "maxDataPoints": 100,
      "nullPointMode": "connected",
      "nullText": null,
      "postfix": "<br>Criticals Silenced",
      "postfixFontSize": "50%",
      "prefix": "",
      "prefixFontSize": "50%",
      "rangeMaps": [
        {
          "from": "null",
          "text": "N/A",
          "to": "null"
        }
      ],
      "sparkline": {
        "fillColor": "rgba(31, 118, 189, 0.18)",
        "full": false,
        "lineColor": "rgb(31, 120, 193)",
        "show": false
      },
      "tableColumn": "",
      "targets": [
        {
          "aggregateMode": "list",
          "alias": "Critical Silenced Count",
          "aliasReplaced": "Critical Silenced Count",
          "clientQueryMode": "list",
          "dimensions": [],
          "eventMetricMode": "critical_silenced_count",
          "filters": [],
          "refId": "A",
          "sourceType": "event_metrics"
        }
      ],
      "thresholds": "0,1",
      "title": "",
      "type": "singlestat",
      "valueFontSize": "80%",
      "valueMaps": [
        {
          "op": "=",
          "text": "N/A",
          "value": "null"
        }
      ],
      "valueName": "current"
    },
    {
      "cacheTimeout": null,
      "colorBackground": false,
      "colorValue": false,
      "colors": [
        "rgba(50, 172, 45, 0.97)",
        "rgba(237, 129, 40, 0.89)",
        "rgba(245, 54, 54, 0.9)"
      ],
      "datasource": "$datasource",
      "decimals": 0,
      "format": "none",
      "gauge": {
        "maxValue": 100,
        "minValue": 0,
        "show": false,
        "thresholdLabels": false,
        "thresholdMarkers": true
      },
      "gridPos": {
        "h": 3,
        "w": 4,
        "x": 8,
        "y": 8
      },
      "id": 119,
      "interval": null,
      "links": [],
      "mappingType": 1,
      "mappingTypes": [
        {
          "name": "value to text",
          "value": 1
        },
        {
          "name": "range to text",
          "value": 2
        }
      ],
      "maxDataPoints": 100,
      "nullPointMode": "connected",
      "nullText": null,
      "postfix": "<br>All Criticals",
      "postfixFontSize": "50%",
      "prefix": "",
      "prefixFontSize": "50%",
      "rangeMaps": [
        {
          "from": "null",
          "text": "N/A",
          "to": "null"
        }
      ],
      "sparkline": {
        "fillColor": "rgba(31, 118, 189, 0.18)",
        "full": false,
        "lineColor": "rgb(31, 120, 193)",
        "show": false
      },
      "tableColumn": "",
      "targets": [
        {
          "aggregateMode": "list",
          "alias": "Critical Count",
          "aliasReplaced": "Critical Count",
          "clientQueryMode": "list",
          "dimensions": [],
          "eventMetricMode": "critical_count",
          "filters": [],
          "refId": "A",
          "sourceType": "event_metrics"
        }
      ],
      "thresholds": "0,1",
      "title": "",
      "type": "singlestat",
      "valueFontSize": "80%",
      "valueMaps": [
        {
          "op": "=",
          "text": "N/A",
          "value": "null"
        }
      ],
      "valueName": "current"
    },
    {
      "cacheTimeout": null,
      "colorBackground": true,
      "colorValue": false,
      "colors": [
        "rgba(50, 172, 45, 0.97)",
        "rgba(237, 129, 40, 0.89)",
        "rgba(245, 54, 54, 0.9)"
      ],
      "datasource": "$datasource",
      "decimals": 0,
      "format": "none",
      "gauge": {
        "maxValue": 100,
        "minValue": 0,
        "show": false,
        "thresholdLabels": false,
        "thresholdMarkers": true
      },
      "gridPos": {
        "h": 3,
        "w": 4,
        "x": 12,
        "y": 8
      },
      "id": 120,
      "interval": null,
      "links": [],
      "mappingType": 1,
      "mappingTypes": [
        {
          "name": "value to text",
          "value": 1
        },
        {
          "name": "range to text",
          "value": 2
        }
      ],
      "maxDataPoints": 100,
      "nullPointMode": "connected",
      "nullText": null,
      "postfix": "<br>Warnings Active",
      "postfixFontSize": "50%",
      "prefix": "",
      "prefixFontSize": "50%",
      "rangeMaps": [
        {
          "from": "null",
          "text": "N/A",
          "to": "null"
        }
      ],
      "sparkline": {
        "fillColor": "rgba(31, 118, 189, 0.18)",
        "full": false,
        "lineColor": "rgb(31, 120, 193)",
        "show": false
      },
      "tableColumn": "",
      "targets": [
        {
          "aggregateMode": "list",
          "alias": "Warning Active",
          "aliasReplaced": "Warning Active",
          "clientQueryMode": "list",
          "dimensions": [],
          "eventMetricMode": "warning_active_count",
          "filters": [
            {
              "filterFieldName": "environment",
              "filterFieldValue": "production",
              "filterFieldValueReplaced": "production",
              "filterType": "field",
              "name": null,
              "value": null
            }
          ],
          "refId": "A",
          "sourceType": "event_metrics"
        }
      ],
      "thresholds": "1,1000",
      "title": "",
      "type": "singlestat",
      "valueFontSize": "80%",
      "valueMaps": [
        {
          "op": "=",
          "text": "N/A",
          "value": "null"
        }
      ],
      "valueName": "current"
    },
    {
      "cacheTimeout": null,
      "colorBackground": false,
      "colorValue": true,
      "colors": [
        "rgba(50, 172, 45, 0.97)",
        "rgba(40, 51, 237, 0.89)",
        "rgba(245, 54, 54, 0.9)"
      ],
      "datasource": "$datasource",
      "decimals": 0,
      "format": "none",
      "gauge": {
        "maxValue": 100,
        "minValue": 0,
        "show": false,
        "thresholdLabels": false,
        "thresholdMarkers": true
      },
      "gridPos": {
        "h": 3,
        "w": 4,
        "x": 16,
        "y": 8
      },
      "id": 121,
      "interval": null,
      "links": [],
      "mappingType": 1,
      "mappingTypes": [
        {
          "name": "value to text",
          "value": 1
        },
        {
          "name": "range to text",
          "value": 2
        }
      ],
      "maxDataPoints": 100,
      "nullPointMode": "connected",
      "nullText": null,
      "postfix": "<br>Warnings Silenced",
      "postfixFontSize": "50%",
      "prefix": "",
      "prefixFontSize": "50%",
      "rangeMaps": [
        {
          "from": "null",
          "text": "N/A",
          "to": "null"
        }
      ],
      "sparkline": {
        "fillColor": "rgba(31, 118, 189, 0.18)",
        "full": false,
        "lineColor": "rgb(31, 120, 193)",
        "show": false
      },
      "tableColumn": "",
      "targets": [
        {
          "aggregateMode": "list",
          "alias": "Warnings Silenced",
          "aliasReplaced": "Warnings Silenced",
          "clientQueryMode": "list",
          "dimensions": [],
          "eventMetricMode": "warning_silenced_count",
          "filters": [],
          "refId": "A",
          "sourceType": "event_metrics"
        }
      ],
      "thresholds": "1,1000",
      "title": "",
      "type": "singlestat",
      "valueFontSize": "80%",
      "valueMaps": [
        {
          "op": "=",
          "text": "N/A",
          "value": "null"
        }
      ],
      "valueName": "current"
    },
    {
      "cacheTimeout": null,
      "colorBackground": false,
      "colorValue": false,
      "colors": [
        "rgba(50, 172, 45, 0.97)",
        "rgba(237, 129, 40, 0.89)",
        "rgba(245, 54, 54, 0.9)"
      ],
      "datasource": "$datasource",
      "decimals": 0,
      "format": "none",
      "gauge": {
        "maxValue": 100,
        "minValue": 0,
        "show": false,
        "thresholdLabels": false,
        "thresholdMarkers": true
      },
      "gridPos": {
        "h": 3,
        "w": 4,
        "x": 20,
        "y": 8
      },
      "id": 122,
      "interval": null,
      "links": [],
      "mappingType": 1,
      "mappingTypes": [
        {
          "name": "value to text",
          "value": 1
        },
        {
          "name": "range to text",
          "value": 2
        }
      ],
      "maxDataPoints": 100,
      "nullPointMode": "connected",
      "nullText": null,
      "postfix": "<br>All Warnings",
      "postfixFontSize": "50%",
      "prefix": "",
      "prefixFontSize": "50%",
      "rangeMaps": [
        {
          "from": "null",
          "text": "N/A",
          "to": "null"
        }
      ],
      "sparkline": {
        "fillColor": "rgba(31, 118, 189, 0.18)",
        "full": false,
        "lineColor": "rgb(31, 120, 193)",
        "show": false
      },
      "tableColumn": "",
      "targets": [
        {
          "aggregateMode": "list",
          "alias": "Warning Count",
          "aliasReplaced": "Warning Count",
          "clientQueryMode": "list",
          "dimensions": [],
          "eventMetricMode": "warning_count",
          "filters": [],
          "refId": "A",
          "sourceType": "event_metrics"
        }
      ],
      "thresholds": "1,1000",
      "title": "",
      "type": "singlestat",
      "valueFontSize": "80%",
      "valueMaps": [
        {
          "op": "=",
          "text": "N/A",
          "value": "null"
        }
      ],
      "valueName": "current"
    },
    {
      "collapsed": false,
      "gridPos": {
        "h": 1,
        "w": 24,
        "x": 0,
        "y": 11
      },
      "id": 129,
      "panels": [],
      "repeat": null,
      "title": "Event Details",
      "type": "row"
    },
    {
      "columnAliases": [
        {
          "alias": "Time",
          "name": "timestamp"
        },
        {
          "alias": "Output",
          "name": "check.output"
        },
        {
          "alias": "Device",
          "name": "client.name"
        },
        {
          "alias": "IP Address",
          "name": "client.address"
        },
        {
          "alias": "Severity",
          "name": "check.status"
        }
      ],
      "columnWidthHints": [
        {
          "name": "timestamp",
          "width": "10%"
        },
        {
          "name": "client.name",
          "width": "10%"
        }
      ],
      "columns": [
        {
          "text": "timestamp",
          "value": "timestamp"
        },
        {
          "text": "client.name",
          "value": "client.name"
        },
        {
          "text": "client.address",
          "value": "client.address"
        },
        {
          "text": "check.output",
          "value": "check.output"
        },
        {
          "text": "check.status",
          "value": "check.status"
        }
      ],
      "compactRowsEnabled": true,
      "datasource": "$datasource",
      "datatablePagingType": "simple_numbers",
      "datatableTheme": "basic_theme",
      "emptyData": false,
      "fontSize": "100%",
      "gridPos": {
        "h": 8,
        "w": 24,
        "x": 0,
        "y": 12
      },
      "hoverEnabled": true,
      "id": 123,
      "infoEnabled": true,
      "lengthChangeEnabled": true,
      "links": [],
      "notsort": {
        "col": 0,
        "desc": true
      },
      "orderColumnEnabled": true,
      "pagingTypes": [
        {
          "text": "Page number buttons only",
          "value": "numbers"
        },
        {
          "text": "'Previous' and 'Next' buttons only",
          "value": "simple"
        },
        {
          "text": "'Previous' and 'Next' buttons, plus page numbers",
          "value": "simple_numbers"
        },
        {
          "text": "'First', 'Previous', 'Next' and 'Last' buttons",
          "value": "full"
        },
        {
          "text": "'First', 'Previous', 'Next' and 'Last' buttons, plus page numbers",
          "value": "full_numbers"
        },
        {
          "text": "'First' and 'Last' buttons, plus page numbers",
          "value": "first_last_numbers"
        }
      ],
      "panelHeight": 281,
      "rowNumbersEnabled": false,
      "rowsPerPage": 5,
      "scroll": false,
      "scrollHeight": "default",
      "searchEnabled": true,
      "showCellBorders": false,
      "showHeader": true,
      "showRowBorders": true,
      "sort": {
        "col": 0,
        "desc": true
      },
      "sortByColumns": [
        {
          "columnData": "timestamp",
          "sortMethod": "desc"
        },
        {
          "columnData": "check.status",
          "sortMethod": "desc"
        }
      ],
      "sortByColumnsData": [
        [
          0,
          "desc"
        ],
        [
          4,
          "desc"
        ]
      ],
      "stripedRowsEnabled": true,
      "styles": [
        {
          "dateFormat": "YYYY-MM-DD HH:mm:ss",
          "pattern": "timestamp",
          "type": "date"
        },
        {
          "colorMode": "row",
          "colors": [
            "rgba(50, 172, 45, 0.97)",
            "rgba(237, 129, 40, 0.89)",
            "rgba(245, 54, 54, 0.9)"
          ],
          "decimals": 2,
          "pattern": "check.status",
          "thresholds": [
            "1",
            "2"
          ],
          "type": "number",
          "unit": "short"
        }
      ],
      "targets": [
        {
          "aggregateMode": "list",
          "app_id": null,
          "clientQueryMode": "list",
          "dimensions": [],
          "eventMetricMode": "all_events_count",
          "filters": [],
          "hideSilencedEvents": true,
          "refId": "A",
          "sourceType": "events_json",
          "target": "Select namespace",
          "type": "applications",
          "value": "Select metric"
        }
      ],
      "themeOptions": {
        "dark": "./css/datatable-dark.css",
        "light": "./css/datatable-light.css"
      },
      "themes": [
        {
          "disabled": false,
          "text": "Basic",
          "value": "basic_theme"
        },
        {
          "disabled": true,
          "text": "Bootstrap",
          "value": "bootstrap_theme"
        },
        {
          "disabled": true,
          "text": "Foundation",
          "value": "foundation_theme"
        },
        {
          "disabled": true,
          "text": "ThemeRoller",
          "value": "themeroller_theme"
        }
      ],
      "title": "Sensu Events",
      "transform": "json",
      "type": "briangann-datatable-panel"
    },
    {
      "collapsed": false,
      "gridPos": {
        "h": 1,
        "w": 24,
        "x": 0,
        "y": 20
      },
      "id": 133,
      "panels": [],
      "repeat": null,
      "title": "Devices",
      "type": "row"
    },
    {
      "columnAliases": [
        {
          "alias": "Device Name",
          "name": "name"
        },
        {
          "alias": "IP Address",
          "name": "address"
        },
        {
          "alias": "Environment",
          "name": "environment"
        },
        {
          "alias": "Service",
          "name": "service"
        },
        {
          "alias": "Service Group",
          "name": null
        },
        {
          "alias": "Application",
          "name": null
        },
        {
          "alias": "Sensu Client",
          "name": "version"
        }
      ],
      "columnWidthHints": [
        {
          "name": "name",
          "width": "25%"
        },
        {
          "name": "address",
          "width": "5%"
        },
        {
          "name": "version",
          "width": "5%"
        },
        {
          "name": "environment",
          "width": "5%"
        }
      ],
      "columns": [
        {
          "text": "name",
          "value": "name"
        },
        {
          "text": "address",
          "value": "address"
        },
        {
          "text": "environment",
          "value": "environment"
        },
        {
          "text": "service",
          "value": "service"
        },
        {
          "text": "version",
          "value": "version"
        }
      ],
      "compactRowsEnabled": true,
      "datasource": "$datasource",
      "datatablePagingType": "simple_numbers",
      "datatableTheme": "basic_theme",
      "emptyData": false,
      "fontSize": "100%",
      "gridPos": {
        "h": 10,
        "w": 24,
        "x": 0,
        "y": 21
      },
      "hoverEnabled": true,
      "id": 126,
      "infoEnabled": true,
      "lengthChangeEnabled": true,
      "links": [],
      "orderColumnEnabled": true,
      "pagingTypes": [
        {
          "text": "Page number buttons only",
          "value": "numbers"
        },
        {
          "text": "'Previous' and 'Next' buttons only",
          "value": "simple"
        },
        {
          "text": "'Previous' and 'Next' buttons, plus page numbers",
          "value": "simple_numbers"
        },
        {
          "text": "'First', 'Previous', 'Next' and 'Last' buttons",
          "value": "full"
        },
        {
          "text": "'First', 'Previous', 'Next' and 'Last' buttons, plus page numbers",
          "value": "full_numbers"
        },
        {
          "text": "'First' and 'Last' buttons, plus page numbers",
          "value": "first_last_numbers"
        }
      ],
      "panelHeight": 361,
      "rowNumbersEnabled": false,
      "rowsPerPage": 8,
      "scroll": false,
      "scrollHeight": "default",
      "searchEnabled": true,
      "showCellBorders": false,
      "showHeader": true,
      "showRowBorders": true,
      "sort": {
        "col": 0,
        "desc": true
      },
      "sortByColumns": [
        {
          "columnData": "name",
          "sortMethod": "asc"
        },
        {
          "columnData": "environment",
          "sortMethod": "asc"
        },
        {
          "columnData": "service",
          "sortMethod": "asc"
        }
      ],
      "sortByColumnsData": [
        [
          0,
          "asc"
        ],
        [
          2,
          "asc"
        ],
        [
          3,
          "asc"
        ]
      ],
      "stripedRowsEnabled": true,
      "styles": [
        {
          "dateFormat": "YYYY-MM-DD HH:mm:ss",
          "pattern": "Time",
          "type": "date"
        },
        {
          "colorMode": null,
          "colors": [
            "rgba(245, 54, 54, 0.9)",
            "rgba(237, 129, 40, 0.89)",
            "rgba(50, 172, 45, 0.97)"
          ],
          "decimals": 2,
          "pattern": "/.*/",
          "thresholds": [],
          "type": "number",
          "unit": "short"
        }
      ],
      "targets": [
        {
          "aggregateMode": "list",
          "app_id": null,
          "clientQueryMode": "list",
          "dimensions": [],
          "eventMetricMode": "all_events_count",
          "refId": "A",
          "sourceType": "clients_json",
          "target": "Select namespace",
          "type": "applications",
          "value": "Select metric"
        }
      ],
      "themeOptions": {
        "dark": "./css/datatable-dark.css",
        "light": "./css/datatable-light.css"
      },
      "themes": [
        {
          "disabled": false,
          "text": "Basic",
          "value": "basic_theme"
        },
        {
          "disabled": true,
          "text": "Bootstrap",
          "value": "bootstrap_theme"
        },
        {
          "disabled": true,
          "text": "Foundation",
          "value": "foundation_theme"
        },
        {
          "disabled": true,
          "text": "ThemeRoller",
          "value": "themeroller_theme"
        }
      ],
      "title": "Device List",
      "transform": "json",
      "type": "briangann-datatable-panel"
    }
  ],
  "schemaVersion": 16,
  "style": "dark",
  "tags": [],
  "templating": {
    "list": [
      {
        "current": {
          "tags": [],
          "text": "SENSU",
          "value": "SENSU"
        },
        "hide": 0,
        "label": null,
        "name": "datasource",
        "options": [],
        "query": "grafana-sensucore-datasource",
        "refresh": 1,
        "regex": "/$sensu/",
        "skipUrlSync": false,
        "type": "datasource"
      },
      {
        "current": {
          "text": "SENSU",
          "value": "SENSU"
        },
        "hide": 2,
        "label": null,
        "name": "sensu",
        "options": [],
        "query": "grafana-sensucore-datasource",
        "refresh": 1,
        "regex": "",
        "skipUrlSync": false,
        "type": "datasource"
      }
    ]
  },
  "time": {
    "from": "now-6h",
    "to": "now"
  },
  "timepicker": {
    "refresh_intervals": [
      "5s",
      "10s",
      "30s",
      "1m",
      "5m",
      "15m",
      "30m",
      "1h",
      "2h",
      "1d"
    ],
    "time_options": [
      "5m",
      "15m",
      "1h",
      "6h",
      "12h",
      "24h",
      "2d",
      "7d",
      "30d"
    ]
  },
  "timezone": "",
  "title": "Sensu Summary",
  "uid": "xhDb998iz",
  "version": 3
}